"CHR","BP","SNP","A1","A2","log10p","minusLog10P","Significant","P_eigen","minusLog10P_eigen","Significant_eigen","Full_match_ids","Border_match_ids"
"chr1R",1062482,"chr1R_1062482","G","C",-8.71548698880027,8.71548698880027,TRUE,2.07246171330971e-46,45.6835134838667,TRUE,NA,NA
"chr1R",1087028,"chr1R_1087028","T","C",-6.80406178468423,6.80406178468423,TRUE,2.59739542610737e-09,8.58546192857492,TRUE,NA,NA
"chr1R",33127435,"chr1R_33127435","A","G",-22.0402917881721,22.0402917881721,TRUE,4.19172082576137e-34,33.3776076496571,TRUE,NA,NA
"chr1R",413763428,"chr1R_413763428","T","C",-12.7585433772877,12.7585433772877,TRUE,1.13268048718852e-100,99.9458925810638,TRUE,NA,NA
"chr1R",422553022,"chr1R_422553022","A","G",-7.56266712023478,7.56266712023478,TRUE,1.69670126209832e-28,27.7703946171067,TRUE,NA,NA
"chr1R",427440172,"chr1R_427440172","A","G",-7.83685684553649,7.83685684553649,TRUE,2.146851485596e-11,10.6681979980496,TRUE,NA,NA
"chr1R",496897934,"chr1R_496897934","C","T",-28.9091748043986,28.9091748043986,TRUE,2.04358302796835e-12,11.6896077128063,TRUE,NA,NA
"chr1R",521020841,"chr1R_521020841","T","C",-9.86115511164054,9.86115511164054,TRUE,9.50242301919931e-94,93.0221656400066,TRUE,NA,NA
"chr1R",528580375,"chr1R_528580375","C","G",-6.69556597456079,6.69556597456079,TRUE,1.37151174098586e-44,43.8628004702151,TRUE,NA,NA
"chr1R",589812103,"chr1R_589812103","A","G",-10.9038357300321,10.9038357300321,TRUE,2.25112117914647e-76,75.6476011260487,TRUE,NA,NA
"chr1R",606466641,"chr1R_606466641","G","A",-9.87822990767875,9.87822990767875,TRUE,1.58600673022191e-17,16.7996949740852,TRUE,NA,NA
"chr1R",627867160,"chr1R_627867160","T","C",-7.71703119961966,7.71703119961966,TRUE,2.3483110133817e-11,10.629244385086,TRUE,NA,NA
"chr1R",630247853,"chr1R_630247853","A","G",-11.2552777973093,11.2552777973093,TRUE,4.5022242438215e-20,19.3465728777431,TRUE,NA,NA
"chr1R",630676183,"chr1R_630676183","A","C",-6.63204661413913,6.63204661413913,TRUE,7.50068847736976e-32,31.124898871515,TRUE,NA,NA
"chr1R",636446250,"chr1R_636446250","T","C",-7.9659728573361,7.9659728573361,TRUE,3.39250271931112e-13,12.4694797955529,TRUE,NA,NA
"chr1R",646666531,"chr1R_646666531","T","C",-6.83316682799348,6.83316682799348,TRUE,1.95051141431243e-09,8.70985150387134,TRUE,NA,NA
"chr1R",674700832,"chr1R_674700832","G","C",-8.77436069556037,8.77436069556037,TRUE,1.68373080659046e-13,12.7737273419085,TRUE,NA,NA
"chr1R",676565077,"chr1R_676565077","C","T",-7.2986946923157,7.2986946923157,TRUE,1.18052199872734e-07,6.92792591554258,TRUE,NA,NA
"chr1R",692014781,"chr1R_692014781","A","G",-8.69636209171971,8.69636209171971,TRUE,1.09016484919834e-73,72.9625078252851,TRUE,NA,NA
"chr1R",717297782,"chr1R_717297782","T","C",-7.27898182131978,7.27898182131978,TRUE,8.74931240468865e-08,7.0580260761872,TRUE,NA,NA
"chr2R",3221632,"chr2R_3221632","C","G",-6.80367832985303,6.80367832985303,TRUE,3.66894184162047e-36,35.435459172426,TRUE,NA,NA
"chr2R",3221658,"chr2R_3221658","A","G",-6.49057840621448,6.49057840621448,TRUE,9.27358065051028e-38,37.0327525467071,TRUE,NA,NA
"chr2R",9437474,"chr2R_9437474","T","G",-6.63668499848202,6.63668499848202,TRUE,3.39789408813235e-07,6.46879016215224,TRUE,NA,NA
"chr2R",9437489,"chr2R_9437489","A","G",-6.66714357860292,6.66714357860292,TRUE,1.05348493363789e-07,6.97737167105229,TRUE,NA,NA
"chr2R",19771189,"chr2R_19771189","C","T",-6.33084054650994,6.33084054650994,TRUE,1.22840520619151e-18,17.9106583516107,TRUE,NA,NA
"chr2R",32231364,"chr2R_32231364","C","G",-11.6106176088459,11.6106176088459,TRUE,5.01111082892747e-63,62.3000659920172,TRUE,NA,NA
"chr2R",55121799,"chr2R_55121799","A","G",-13.2597709302505,13.2597709302505,TRUE,1.47295903011038e-08,7.83180933275305,TRUE,NA,NA
"chr2R",55122967,"chr2R_55122967","G","T",-12.8820791464647,12.8820791464647,TRUE,3.74466224541736e-11,10.4265873479422,TRUE,NA,NA
"chr2R",63411325,"chr2R_63411325","T","C",-14.788560497297,14.788560497297,TRUE,2.94548744025328e-54,53.5308428247835,TRUE,NA,NA
"chr2R",68611520,"chr2R_68611520","C","G",-7.92078441879901,7.92078441879901,TRUE,6.16697301138179e-61,60.2099279521791,TRUE,NA,NA
"chr2R",70674729,"chr2R_70674729","C","T",-12.1397154683224,12.1397154683224,TRUE,8.290662748519e-51,50.081410750931,TRUE,NA,NA
"chr2R",75778671,"chr2R_75778671","T","A",-10.8878952889024,10.8878952889024,TRUE,8.02031556998811e-22,21.0958085434854,TRUE,NA,NA
"chr2R",75778703,"chr2R_75778703","T","C",-8.43545061289664,8.43545061289664,TRUE,7.0811945438742e-22,21.1498934739412,TRUE,NA,NA
"chr2R",101715699,"chr2R_101715699","T","C",-10.7379420894015,10.7379420894015,TRUE,1.03084870940357e-07,6.98680506846282,TRUE,NA,NA
"chr2R",127164886,"chr2R_127164886","G","C",-13.8726951427398,13.8726951427398,TRUE,6.29272091866073e-12,11.2011615287282,TRUE,NA,NA
"chr2R",129200280,"chr2R_129200280","T","C",-7.39302325686608,7.39302325686608,TRUE,9.47982968058594e-39,38.0231994653461,TRUE,NA,NA
"chr2R",133651891,"chr2R_133651891","C","T",-7.48885955971835,7.48885955971835,TRUE,3.83312296161188e-17,16.4164472489186,TRUE,NA,NA
"chr2R",147541833,"chr2R_147541833","G","C",-12.126951062529,12.126951062529,TRUE,9.63498018276752e-66,65.0161491742647,TRUE,NA,NA
"chr2R",151346373,"chr2R_151346373","T","C",-7.80288027748204,7.80288027748204,TRUE,2.78814899540743e-10,9.55468402176689,TRUE,NA,NA
"chr2R",151346410,"chr2R_151346410","T","C",-9.9969645038037,9.9969645038037,TRUE,4.62999784770052e-09,8.33441921086801,TRUE,NA,NA
"chr2R",163805987,"chr2R_163805987","G","T",-9.84678268957673,9.84678268957673,TRUE,8.86817924625891e-53,52.0521655373805,TRUE,"SECCE2Rv1G0083320",NA
"chr2R",177929383,"chr2R_177929383","G","A",-14.951915146946,14.951915146946,TRUE,2.8490640337888e-176,175.545297789719,TRUE,NA,NA
"chr2R",198748689,"chr2R_198748689","G","C",-8.78792628276085,8.78792628276085,TRUE,1.30310476721446e-12,11.8850206664102,TRUE,NA,NA
"chr2R",202591155,"chr2R_202591155","C","G",-10.8633602790633,10.8633602790633,TRUE,8.0035570627754e-08,7.0967169543331,TRUE,NA,NA
"chr2R",246120795,"chr2R_246120795","G","C",-8.58084844792767,8.58084844792767,TRUE,4.58150238011054e-07,6.33899208348103,TRUE,NA,NA
"chr2R",350013012,"chr2R_350013012","C","A",-28.8195817919285,28.8195817919285,TRUE,1.52116801497905e-57,56.8178228149092,TRUE,NA,NA
"chr2R",456430546,"chr2R_456430546","C","T",-8.0873006830971,8.0873006830971,TRUE,4.36843274319925e-150,149.359674346339,TRUE,NA,NA
"chr2R",475671847,"chr2R_475671847","C","T",-24.3932165927358,24.3932165927358,TRUE,1.10249095980224e-65,64.9576249629704,TRUE,NA,NA
"chr2R",476869769,"chr2R_476869769","G","T",-6.42809315955703,6.42809315955703,TRUE,2.04542827108625e-36,35.6892157457025,TRUE,NA,NA
"chr2R",566151524,"chr2R_566151524","C","G",-12.9917401618265,12.9917401618265,TRUE,1.67051880229642e-85,84.7771486318561,TRUE,NA,NA
"chr2R",585561703,"chr2R_585561703","T","C",-7.24645884605941,7.24645884605941,TRUE,4.51011737071927e-21,20.3458121559508,TRUE,NA,NA
"chr2R",611515478,"chr2R_611515478","G","A",-7.58951986836467,7.58951986836467,TRUE,7.33535430643589e-11,10.1345789043682,TRUE,NA,NA
"chr2R",612668394,"chr2R_612668394","C","G",-9.94510754086447,9.94510754086447,TRUE,1.35719943224111e-12,11.8673563307058,TRUE,NA,NA
"chr2R",629367765,"chr2R_629367765","C","T",-15.9336499786868,15.9336499786868,TRUE,9.46629003601337e-08,7.02382019339111,TRUE,NA,NA
"chr2R",663411727,"chr2R_663411727","G","A",-6.90099217063302,6.90099217063302,TRUE,5.23951527800226e-53,52.2807088889373,TRUE,NA,NA
"chr2R",678774400,"chr2R_678774400","A","G",-9.60053163337486,9.60053163337486,TRUE,1.52656327976646e-07,6.81628518842802,TRUE,NA,NA
"chr2R",702877477,"chr2R_702877477","G","C",-6.3836424539056,6.3836424539056,TRUE,2.99964878205054e-25,24.5229295922626,TRUE,NA,NA
"chr2R",710632643,"chr2R_710632643","G","C",-9.16424711227441,9.16424711227441,TRUE,1.08171872628793e-22,21.9658856518925,TRUE,NA,NA
"chr2R",711558076,"chr2R_711558076","T","C",-12.529191310726,12.529191310726,TRUE,5.53909057417911e-59,58.2565615332926,TRUE,NA,NA
"chr2R",722351616,"chr2R_722351616","T","C",-9.5479296725052,9.5479296725052,TRUE,1.26205084123387e-23,22.8989231493529,TRUE,NA,NA
"chr2R",768551297,"chr2R_768551297","G","A",-12.6748873924712,12.6748873924712,TRUE,4.18566737506544e-09,8.37823528696563,TRUE,NA,NA
"chr2R",770631954,"chr2R_770631954","GTAC","GTACTAC",-7.75472785135512,7.75472785135512,TRUE,2.87417106467277e-07,6.54148738712993,TRUE,NA,NA
"chr2R",778978584,"chr2R_778978584","G","C",-6.56798258688043,6.56798258688043,TRUE,5.23547488909611e-08,7.28104391907397,TRUE,NA,NA
"chr2R",814951672,"chr2R_814951672","C","G",-25.6504057420633,25.6504057420633,TRUE,7.93774084276408e-94,93.100303084365,TRUE,NA,NA
"chr2R",817554584,"chr2R_817554584","G","A",-7.93332006401699,7.93332006401699,TRUE,7.96641077633585e-14,13.0987373035887,TRUE,NA,NA
"chr2R",831011520,"chr2R_831011520","T","C",-7.75469940148552,7.75469940148552,TRUE,2.369225586228e-57,56.6253935858835,TRUE,NA,NA
"chr2R",840371944,"chr2R_840371944","C","T",-6.52499804000885,6.52499804000885,TRUE,2.3864211755461e-48,47.6222529059827,TRUE,NA,NA
"chr2R",848450414,"chr2R_848450414","C","T",-9.49313351848887,9.49313351848887,TRUE,5.85154350400262e-10,9.23272956180607,TRUE,NA,NA
"chr2R",854660406,"chr2R_854660406","G","A",-17.2993396841373,17.2993396841373,TRUE,5.17707183524311e-29,28.2859158088576,TRUE,NA,NA
"chr2R",867264606,"chr2R_867264606","A","G",-6.28157793533413,6.28157793533413,TRUE,6.59215621148484e-23,22.1809725098998,TRUE,NA,NA
"chr2R",883640796,"chr2R_883640796","T","G",-9.36952915139051,9.36952915139051,TRUE,3.96414135326681e-36,35.4018508678474,TRUE,NA,NA
"chr2R",920999324,"chr2R_920999324","C","G",-9.71802449174495,9.71802449174495,TRUE,7.4969660478177e-08,7.12511445597779,TRUE,NA,NA
"chr3R",5674943,"chr3R_5674943","G","C",-10.1645401619939,10.1645401619939,TRUE,2.36764766174957e-07,6.62568292608045,TRUE,NA,NA
"chr3R",20558041,"chr3R_20558041","G","A",-8.35691767233915,8.35691767233915,TRUE,5.29265269579054e-65,64.2763266035055,TRUE,NA,NA
"chr3R",53458104,"chr3R_53458104","G","A",-11.970370070321,11.970370070321,TRUE,9.3773909604497e-27,26.0279179770893,TRUE,NA,NA
"chr3R",88176668,"chr3R_88176668","A","G",-6.60265571666431,6.60265571666431,TRUE,4.95058403616957e-17,16.3053435629405,TRUE,NA,NA
"chr3R",97726659,"chr3R_97726659","G","A",-8.63404800676231,8.63404800676231,TRUE,3.40297910714785e-24,23.4681407172804,TRUE,NA,NA
"chr3R",97726702,"chr3R_97726702","T","A",-8.61905588532965,8.61905588532965,TRUE,5.9988761118369e-25,24.2219301069742,TRUE,NA,NA
"chr3R",97726740,"chr3R_97726740","A","T",-7.23313052063546,7.23313052063546,TRUE,4.22959513735367e-13,12.3737012018988,TRUE,NA,NA
"chr3R",102446535,"chr3R_102446535","A","G",-21.1115220528148,21.1115220528148,TRUE,1.2854836802128e-23,22.8909334325478,TRUE,NA,NA
"chr3R",126420312,"chr3R_126420312","G","A",-16.098209459498,16.098209459498,TRUE,1.77459923181575e-13,12.7508997108134,TRUE,NA,NA
"chr3R",126420340,"chr3R_126420340","C","T",-8.69986052132886,8.69986052132886,TRUE,2.31752004732268e-27,26.6349765003749,TRUE,NA,NA
"chr3R",142341254,"chr3R_142341254","T","C",-8.00495217035299,8.00495217035299,TRUE,4.05419342101938e-138,137.392095535446,TRUE,NA,NA
"chr3R",153585208,"chr3R_153585208","GAAAAA","GAAAA",-6.47815391942561,6.47815391942561,TRUE,1.54608592210001e-11,10.8107663742877,TRUE,NA,NA
"chr3R",161991110,"chr3R_161991110","T","G",-7.89600730130157,7.89600730130157,TRUE,4.80373958573746e-18,17.3184205440549,TRUE,NA,NA
"chr3R",162787911,"chr3R_162787911","T","C",-13.8927586306072,13.8927586306072,TRUE,5.39285218429125e-09,8.26818148336962,TRUE,NA,NA
"chr3R",194417284,"chr3R_194417284","T","C",-8.29478981822074,8.29478981822074,TRUE,2.91676649248631e-10,9.53509833779082,TRUE,NA,NA
"chr3R",232420000,"chr3R_232420000","C","G",-6.82812965646994,6.82812965646994,TRUE,9.56238964399408e-08,7.01943356384156,TRUE,NA,NA
"chr3R",244286955,"chr3R_244286955","T","G",-17.2841003996467,17.2841003996467,TRUE,4.83692912450941e-149,148.315430276279,TRUE,NA,NA
"chr3R",256734702,"chr3R_256734702","A","G",-21.3761780763268,21.3761780763268,TRUE,1.290570906368e-15,14.8892181295173,TRUE,NA,NA
"chr3R",267794774,"chr3R_267794774","C","T",-14.8846774038299,14.8846774038299,TRUE,4.99768105874038e-18,17.3012314630653,TRUE,NA,NA
"chr3R",427988040,"chr3R_427988040","A","G",-9.29374128267445,9.29374128267445,TRUE,1.68811318110318e-41,40.7725984390606,TRUE,NA,NA
"chr3R",504696901,"chr3R_504696901","G","C",-18.2694530286975,18.2694530286975,TRUE,2.27060833611177e-55,54.6438577720484,TRUE,NA,NA
"chr3R",588234463,"chr3R_588234463","A","C",-11.4672332094236,11.4672332094236,TRUE,9.22403960844184e-44,43.0350788408293,TRUE,NA,NA
"chr3R",604594870,"chr3R_604594870","G","T",-15.7034330009213,15.7034330009213,TRUE,8.99334881828866e-33,32.0460785616049,TRUE,NA,NA
"chr3R",607375305,"chr3R_607375305","T","C",-10.465749822227,10.465749822227,TRUE,1.88686519863364e-42,41.72425912558,TRUE,NA,NA
"chr3R",610604078,"chr3R_610604078","C","G",-16.0147317939267,16.0147317939267,TRUE,3.38740773203435e-111,110.470132525494,TRUE,NA,NA
"chr3R",652965199,"chr3R_652965199","T","C",-8.26107525133839,8.26107525133839,TRUE,1.04416035137763e-08,7.98123280174475,TRUE,NA,NA
"chr3R",715363982,"chr3R_715363982","C","T",-8.18190009542818,8.18190009542818,TRUE,4.87314878759636e-09,8.31219032848211,TRUE,NA,NA
"chr3R",785267437,"chr3R_785267437","T","A",-9.3743188169765,9.3743188169765,TRUE,1.26029592275915e-16,15.899527468746,TRUE,NA,NA
"chr3R",809104028,"chr3R_809104028","A","G",-8.61891379300739,8.61891379300739,TRUE,2.15995421369654e-16,15.6655554548443,TRUE,NA,NA
"chr3R",850350617,"chr3R_850350617","C","T",-7.5618520398474,7.5618520398474,TRUE,7.30162743248989e-11,10.1365803308141,TRUE,NA,NA
"chr3R",872191382,"chr3R_872191382","A","C",-8.09541225085604,8.09541225085604,TRUE,2.1609125840636e-28,27.6653628013845,TRUE,NA,NA
"chr3R",876973272,"chr3R_876973272","C","T",-36.7577067411103,36.7577067411103,TRUE,5.79731022082237e-13,12.2367734594038,TRUE,NA,NA
"chr3R",886245321,"chr3R_886245321","C","A",-6.9586005707653,6.9586005707653,TRUE,2.73351648531467e-93,92.5632783026176,TRUE,NA,NA
"chr3R",914124869,"chr3R_914124869","T","C",-6.7092257581962,6.7092257581962,TRUE,3.3416049459512e-10,9.47604489493778,TRUE,NA,NA
"chr3R",956813653,"chr3R_956813653","A","G",-6.65126449967952,6.65126449967952,TRUE,2.49447445385159e-10,9.60302093935282,TRUE,NA,NA
"chr4R",14255957,"chr4R_14255957","A","T",-8.69444220823094,8.69444220823094,TRUE,1.28268637506281e-30,29.891879518395,TRUE,NA,NA
"chr4R",85630703,"chr4R_85630703","T","A",-9.65927604493678,9.65927604493678,TRUE,2.83562045018211e-08,7.54735190022478,TRUE,NA,NA
"chr4R",97810149,"chr4R_97810149","A","G",-13.607022452484,13.607022452484,TRUE,9.6690494373067e-14,13.014616219239,TRUE,NA,NA
"chr4R",185363433,"chr4R_185363433","C","T",-6.27845937288425,6.27845937288425,TRUE,3.27588613824718e-32,31.4846712016584,TRUE,NA,NA
"chr4R",506881028,"chr4R_506881028","G","A",-16.8980928695393,16.8980928695393,TRUE,3.48011589833882e-68,67.4584062924986,TRUE,NA,NA
"chr4R",506881060,"chr4R_506881060","T","G",-11.4806133359491,11.4806133359491,TRUE,5.28113745347651e-62,61.277272528874,TRUE,NA,NA
"chr4R",571651411,"chr4R_571651411","C","A",-12.6706436589784,12.6706436589784,TRUE,3.13383123215586e-95,94.5039243955244,TRUE,NA,NA
"chr4R",587804557,"chr4R_587804557","A","G",-8.19646629946678,8.19646629946678,TRUE,2.83946593182691e-11,10.5467633376544,TRUE,NA,NA
"chr4R",607551464,"chr4R_607551464","A","C",-13.2382896679361,13.2382896679361,TRUE,5.90524075820996e-37,36.2287623913899,TRUE,NA,NA
"chr4R",609617518,"chr4R_609617518","A","G",-7.2274936158264,7.2274936158264,TRUE,1.0246598827489e-15,14.9894202668596,TRUE,NA,NA
"chr4R",611784498,"chr4R_611784498","G","A",-8.04475274136281,8.04475274136281,TRUE,3.84668031925332e-12,11.414913904505,TRUE,NA,NA
"chr4R",625928566,"chr4R_625928566","A","G",-7.73845957179223,7.73845957179223,TRUE,2.02779203701765e-67,66.6929765867188,TRUE,NA,NA
"chr4R",658708919,"chr4R_658708919","A","G",-14.2009212512408,14.2009212512408,TRUE,1.71830092470903e-14,13.7649007761881,TRUE,NA,NA
"chr4R",680487305,"chr4R_680487305","G","A",-7.36989648304777,7.36989648304777,TRUE,1.336952348967e-83,82.8738840713838,TRUE,NA,NA
"chr4R",685454972,"chr4R_685454972","C","T",-6.50792591707238,6.50792591707238,TRUE,1.08597631128945e-07,6.96417964803307,TRUE,NA,NA
"chr4R",720715823,"chr4R_720715823","G","C",-15.1246481029825,15.1246481029825,TRUE,1.83117945566592e-20,19.7372690927347,TRUE,NA,NA
"chr4R",720715847,"chr4R_720715847","A","G",-11.7399935598865,11.7399935598865,TRUE,3.82488765645505e-16,15.4173813163007,TRUE,NA,NA
"chr4R",727366065,"chr4R_727366065","G","A",-12.3563904115572,12.3563904115572,TRUE,1.53874214527941e-10,9.81283415097079,TRUE,NA,NA
"chr4R",728924281,"chr4R_728924281","T","C",-7.34829653657307,7.34829653657307,TRUE,1.39066572099206e-13,12.8567772502922,TRUE,NA,NA
"chr4R",755628162,"chr4R_755628162","C","G",-12.6469559055153,12.6469559055153,TRUE,3.36056857937665e-95,94.4735872374925,TRUE,NA,NA
"chr4R",789165810,"chr4R_789165810","T","C",-7.04672740346128,7.04672740346128,TRUE,3.61411588938897e-10,9.44199792556723,TRUE,NA,NA
"chr4R",875957793,"chr4R_875957793","A","G",-7.61530788720958,7.61530788720958,TRUE,5.2805741581864e-09,8.27731885394811,TRUE,NA,NA
"chr4R",901332729,"chr4R_901332729","A","G",-6.32600807225854,6.32600807225854,TRUE,4.02407261238205e-14,13.3953341912542,TRUE,NA,NA
"chr4R",902808858,"chr4R_902808858","G","A",-8.22848855181978,8.22848855181978,TRUE,1.96076580863425e-53,52.7075742748134,TRUE,NA,NA
"chr4R",902808912,"chr4R_902808912","T","C",-8.17916617931095,8.17916617931095,TRUE,7.02982118044761e-54,53.1530557221114,TRUE,NA,NA
"chr4R",902809029,"chr4R_902809029","T","C",-7.07317436927856,7.07317436927856,TRUE,9.07101445667973e-77,76.0423441409111,TRUE,NA,NA
"chr4R",902809077,"chr4R_902809077","A","G",-10.235206358551,10.235206358551,TRUE,3.36530740043055e-93,92.4729752594598,TRUE,NA,NA
"chr5R",30429063,"chr5R_30429063","T","G",-10.9715549012601,10.9715549012601,TRUE,3.53674843430396e-103,102.451395830058,TRUE,NA,NA
"chr5R",38562760,"chr5R_38562760","G","C",-6.57511613305136,6.57511613305136,TRUE,8.81680104323217e-12,11.0546889592306,TRUE,NA,NA
"chr5R",44466754,"chr5R_44466754","C","T",-8.06706563197914,8.06706563197914,TRUE,7.53273571505009e-08,7.1230472694596,TRUE,NA,NA
"chr5R",68865790,"chr5R_68865790","A","G",-8.77656226272902,8.77656226272902,TRUE,9.66565136906713e-24,23.0147688735072,TRUE,NA,NA
"chr5R",379117465,"chr5R_379117465","C","T",-11.9823859190734,11.9823859190734,TRUE,4.60487293320491e-12,11.3367823492173,TRUE,NA,NA
"chr5R",460227048,"chr5R_460227048","A","G",-10.8325811624053,10.8325811624053,TRUE,1.50682457976052e-08,7.82193730407317,TRUE,NA,NA
"chr5R",460227351,"chr5R_460227351","C","A",-10.8431842712689,10.8431842712689,TRUE,3.99707756880973e-12,11.398257423574,TRUE,NA,NA
"chr5R",463800386,"chr5R_463800386","G","A",-8.29025667084736,8.29025667084736,TRUE,6.54128471504468e-25,24.1843369474157,TRUE,NA,NA
"chr5R",509783646,"chr5R_509783646","A","G",-8.32937694259287,8.32937694259287,TRUE,4.48482901467937e-08,7.34825410989899,TRUE,NA,NA
"chr5R",515402034,"chr5R_515402034","A","G",-8.5010544462642,8.5010544462642,TRUE,3.12487165789414e-08,7.50516781493206,TRUE,NA,NA
"chr5R",529228752,"chr5R_529228752","T","C",-9.22309317988031,9.22309317988031,TRUE,3.23162489607991e-18,17.4905790547714,TRUE,NA,NA
"chr5R",529594574,"chr5R_529594574","T","C",-6.47554672098436,6.47554672098436,TRUE,4.00238240440113e-15,14.3976814194012,TRUE,NA,NA
"chr5R",548897360,"chr5R_548897360","T","C",-8.38751626215703,8.38751626215703,TRUE,1.67959607023289e-109,108.774795150156,TRUE,NA,NA
"chr5R",552820280,"chr5R_552820280","C","A",-22.6968591761109,22.6968591761109,TRUE,4.43206876115207e-171,170.353393510383,TRUE,NA,NA
"chr5R",602261789,"chr5R_602261789","T","A",-10.547895896808,10.547895896808,TRUE,2.72335834043973e-81,80.5648952102808,TRUE,NA,NA
"chr5R",609175246,"chr5R_609175246","A","G",-8.34024763152955,8.34024763152955,TRUE,3.80047995498072e-07,6.4201615537418,TRUE,NA,NA
"chr5R",657918336,"chr5R_657918336","G","A",-9.84569777604875,9.84569777604875,TRUE,2.55527597278041e-09,8.59256218868649,TRUE,NA,NA
"chr5R",672941359,"chr5R_672941359","A","G",-7.99142719481913,7.99142719481913,TRUE,5.22386142034949e-39,38.2820083526319,TRUE,NA,NA
"chr5R",702672751,"chr5R_702672751","C","A",-6.94242797785042,6.94242797785042,TRUE,5.19021261209872e-10,9.28481485132881,TRUE,NA,NA
"chr5R",705213103,"chr5R_705213103","A","G",-9.10083980720641,9.10083980720641,TRUE,2.61043408006565e-26,25.5832872693275,TRUE,NA,NA
"chr5R",718627718,"chr5R_718627718","T","C",-6.62047800044729,6.62047800044729,TRUE,2.64127291340514e-25,24.578186722359,TRUE,NA,NA
"chr5R",742701649,"chr5R_742701649","C","T",-8.14432827710739,8.14432827710739,TRUE,5.83940915633273e-10,9.2336310934913,TRUE,NA,NA
"chr5R",776949202,"chr5R_776949202","T","C",-9.57319431226409,9.57319431226409,TRUE,3.76912249462125e-36,35.4237597479647,TRUE,NA,NA
"chr5R",796663603,"chr5R_796663603","T","C",-9.91112550526169,9.91112550526169,TRUE,1.05530844707997e-23,22.9766205855925,TRUE,NA,NA
"chr5R",796663613,"chr5R_796663613","T","G",-10.7394944136082,10.7394944136082,TRUE,5.40912583424046e-25,24.2668729153077,TRUE,NA,NA
"chr5R",816585158,"chr5R_816585158","T","C",-16.7863639490455,16.7863639490455,TRUE,7.69084003542226e-72,71.1140262215999,TRUE,NA,NA
"chr5R",817292013,"chr5R_817292013","T","C",-6.99736897962146,6.99736897962146,TRUE,6.17083893192024e-15,14.20965578917,TRUE,NA,NA
"chr5R",832596513,"chr5R_832596513","C","G",-7.54693989020349,7.54693989020349,TRUE,7.45297130427897e-12,11.1276705509041,TRUE,NA,NA
"chr5R",840672107,"chr5R_840672107","C","G",-6.66316442290906,6.66316442290906,TRUE,2.48829790342843e-08,7.60409762636461,TRUE,NA,NA
"chr5R",846929674,"chr5R_846929674","C","T",-14.4059405911968,14.4059405911968,TRUE,5.23097126648417e-21,20.2814176655282,TRUE,NA,NA
"chr5R",861328759,"chr5R_861328759","A","G",-6.53920680044953,6.53920680044953,TRUE,2.17375732923098e-19,18.6627889406814,TRUE,NA,NA
"chr5R",868163685,"chr5R_868163685","G","C",-13.5257479783459,13.5257479783459,TRUE,4.28744747628888e-89,88.3678011872751,TRUE,NA,NA
"chr6R",70341511,"chr6R_70341511","G","T",-6.51030395998904,6.51030395998904,TRUE,1.70176376788326e-20,19.76910072711,TRUE,NA,NA
"chr6R",126343541,"chr6R_126343541","C","G",-13.6971454209465,13.6971454209465,TRUE,8.56371601186674e-18,17.0673377431203,TRUE,NA,NA
"chr6R",147339757,"chr6R_147339757","A","G",-9.12004076045435,9.12004076045435,TRUE,1.19618343801913e-58,57.9222022149875,TRUE,NA,NA
"chr6R",395091081,"chr6R_395091081","G","A",-15.7453069054747,15.7453069054747,TRUE,6.19999037577332e-109,108.207608984655,TRUE,NA,NA
"chr6R",453849711,"chr6R_453849711","C","G",-6.31854664302974,6.31854664302974,TRUE,1.40671666475449e-75,74.851793367615,TRUE,NA,NA
"chr6R",487587568,"chr6R_487587568","A","G",-19.6216270628127,19.6216270628127,TRUE,8.2430931257132e-145,144.08390979372,TRUE,NA,NA
"chr6R",495936582,"chr6R_495936582","G","A",-14.0087601880532,14.0087601880532,TRUE,9.71387615910415e-41,40.0126074375894,TRUE,NA,NA
"chr6R",495936606,"chr6R_495936606","A","G",-9.05398118180988,9.05398118180988,TRUE,7.25711108445137e-39,38.1392362291308,TRUE,NA,NA
"chr6R",523630425,"chr6R_523630425","G","C",-13.4395493591162,13.4395493591162,TRUE,2.30977797815699e-67,66.6364297636123,TRUE,NA,NA
"chr6R",590637027,"chr6R_590637027","C","A",-9.69183791129699,9.69183791129699,TRUE,9.33237954662046e-11,10.030007606821,TRUE,NA,NA
"chr6R",595323221,"chr6R_595323221","T","C",-10.2735343773649,10.2735343773649,TRUE,1.12663194235818e-68,67.9482179397745,TRUE,NA,NA
"chr6R",605315629,"chr6R_605315629","G","T",-14.4533739278341,14.4533739278341,TRUE,2.606196207278e-84,83.5839928915665,TRUE,NA,NA
"chr6R",640020929,"chr6R_640020929","T","C",-11.9276504176158,11.9276504176158,TRUE,1.45713929259867e-54,53.836498930649,TRUE,NA,NA
"chr6R",649391897,"chr6R_649391897","T","C",-8.59560279356613,8.59560279356613,TRUE,8.03630927639053e-17,16.0949433578316,TRUE,NA,NA
"chr6R",660793275,"chr6R_660793275","A","G",-17.1034017875203,17.1034017875203,TRUE,9.99569006731886e-57,56.0001872183459,TRUE,NA,NA
"chr6R",691768307,"chr6R_691768307","T","C",-13.4160412869793,13.4160412869793,TRUE,1.53840732472804e-36,35.812928660984,TRUE,NA,NA
"chr6R",692957864,"chr6R_692957864","G","T",-6.71097884319421,6.71097884319421,TRUE,4.24408925256718e-13,12.3722154915262,TRUE,NA,NA
"chr6R",697961579,"chr6R_697961579","T","C",-6.50934597264515,6.50934597264515,TRUE,2.36671594752651e-23,22.6258538628248,TRUE,NA,NA
"chr6R",698863398,"chr6R_698863398","T","G",-7.61808980977149,7.61808980977149,TRUE,1.4000989880896e-44,43.8538412582779,TRUE,NA,NA
"chr6R",707716587,"chr6R_707716587","C","G",-6.78749119660292,6.78749119660292,TRUE,1.57782872845806e-14,13.8019401407479,TRUE,NA,NA
"chr6R",708539156,"chr6R_708539156","T","C",-15.979378951938,15.979378951938,TRUE,4.35410954194576e-69,68.3611006490514,TRUE,NA,NA
"chr6R",708539174,"chr6R_708539174","C","T",-15.6056838015902,15.6056838015902,TRUE,3.13695741135026e-65,64.5034913774263,TRUE,NA,NA
"chr6R",719777563,"chr6R_719777563","C","T",-6.92423317752278,6.92423317752278,TRUE,1.20729906870008e-08,7.91818513437855,TRUE,NA,NA
"chr6R",743413000,"chr6R_743413000","A","G",-8.4096098017181,8.4096098017181,TRUE,7.20788824335609e-13,12.1421919556125,TRUE,NA,NA
"chr6R",743418725,"chr6R_743418725","C","A",-13.4871789113062,13.4871789113062,TRUE,8.11106809517288e-61,60.090921952534,TRUE,NA,NA
"chr6R",747852994,"chr6R_747852994","T","G",-15.3418898934355,15.3418898934355,TRUE,2.66269172410366e-60,59.5746791115448,TRUE,NA,NA
"chr6R",747853074,"chr6R_747853074","T","C",-13.6319046244724,13.6319046244724,TRUE,1.54797626080759e-62,61.8102357037819,TRUE,NA,NA
"chr6R",752114043,"chr6R_752114043","T","G",-8.34254036790711,8.34254036790711,TRUE,3.2832685627308e-38,37.4836935916716,TRUE,NA,NA
"chr6R",759760275,"chr6R_759760275","G","A",-6.49486716398781,6.49486716398781,TRUE,3.5761592293675e-12,11.4465831523772,TRUE,NA,NA
"chr6R",763394170,"chr6R_763394170","G","C",-6.58301505152938,6.58301505152938,TRUE,7.97591010034767e-12,11.0982197497745,TRUE,NA,NA
"chr6R",767036597,"chr6R_767036597","C","T",-40.4768133290749,40.4768133290749,TRUE,1.26523895842586e-46,45.8978274440335,TRUE,NA,NA
"chr6R",772668790,"chr6R_772668790","T","C",-6.33466333666486,6.33466333666486,TRUE,5.35026624134023e-18,17.2716246059661,TRUE,NA,NA
"chr6R",783587403,"chr6R_783587403","A","G",-9.93813501902267,9.93813501902267,TRUE,2.56478401732854e-12,11.5909492013248,TRUE,NA,NA
"chr6R",794354302,"chr6R_794354302","C","G",-8.6417091333257,8.6417091333257,TRUE,4.624307812126e-09,8.33495326527556,TRUE,NA,NA
"chr6R",795623823,"chr6R_795623823","G","C",-13.1171860340849,13.1171860340849,TRUE,7.67979918928081e-40,39.1146501357142,TRUE,NA,NA
"chr7R",2148417,"chr7R_2148417","A","T",-7.62476457526409,7.62476457526409,TRUE,2.99959447087672e-11,10.522937455602,TRUE,NA,NA
"chr7R",55637133,"chr7R_55637133","T","C",-17.4113544868583,17.4113544868583,TRUE,4.99642982225505e-39,38.3013402081273,TRUE,NA,NA
"chr7R",70266731,"chr7R_70266731","T","G",-8.31854891313461,8.31854891313461,TRUE,2.93622336020046e-26,25.5322109104682,TRUE,NA,NA
"chr7R",112592229,"chr7R_112592229","G","A",-6.83498745968554,6.83498745968554,TRUE,9.24944172716944e-08,7.03388447938276,TRUE,NA,NA
"chr7R",114439330,"chr7R_114439330","C","T",-10.8666106101341,10.8666106101341,TRUE,1.30842663235331e-07,6.88325062461556,TRUE,NA,NA
"chr7R",114610950,"chr7R_114610950","C","G",-8.52435099414826,8.52435099414826,TRUE,1.12732589525714e-42,41.9479505169157,TRUE,NA,NA
"chr7R",131681320,"chr7R_131681320","A","G",-6.72930549515492,6.72930549515492,TRUE,2.24137612537144e-09,8.64948525838384,TRUE,NA,NA
"chr7R",140041847,"chr7R_140041847","A","T",-33.4744412252838,33.4744412252838,TRUE,6.69494369206343e-125,124.174253071278,TRUE,NA,NA
"chr7R",151800381,"chr7R_151800381","C","G",-12.3414659075482,12.3414659075482,TRUE,1.87107583124645e-14,13.7279086109904,TRUE,NA,NA
"chr7R",171262300,"chr7R_171262300","T","C",-6.67671079865347,6.67671079865347,TRUE,5.82019262481729e-11,10.2350626417228,TRUE,NA,NA
"chr7R",303262946,"chr7R_303262946","A","T",-7.61362611500957,7.61362611500957,TRUE,1.13225450824412e-20,19.9460559414318,TRUE,NA,NA
"chr7R",326713033,"chr7R_326713033","T","C",-8.00665854908251,8.00665854908251,TRUE,4.56916976741024e-95,94.3401627054418,TRUE,NA,NA
"chr7R",389290871,"chr7R_389290871","C","T",-12.8055682935685,12.8055682935685,TRUE,4.26608003568453e-13,12.3699710010361,TRUE,NA,NA
"chr7R",450970316,"chr7R_450970316","T","C",-13.9679251734465,13.9679251734465,TRUE,3.71146074780499e-65,64.4304551281604,TRUE,NA,NA
"chr7R",648495633,"chr7R_648495633","C","T",-6.54520545640226,6.54520545640226,TRUE,1.27394367068958e-67,66.8948497745513,TRUE,NA,NA
"chr7R",718437829,"chr7R_718437829","T","C",-8.12947871857092,8.12947871857092,TRUE,4.09214349907984e-29,28.3880491453006,TRUE,NA,NA
"chr7R",722671150,"chr7R_722671150","A","G",-19.0291735773839,19.0291735773839,TRUE,1.99631016876171e-165,164.699771981026,TRUE,NA,NA
"chr7R",748325592,"chr7R_748325592","C","T",-15.9676412446272,15.9676412446272,TRUE,3.78111568773538e-117,116.422380034678,TRUE,NA,NA
"chr7R",761007396,"chr7R_761007396","G","A",-8.31809075192601,8.31809075192601,TRUE,1.48612108805191e-07,6.82794580313917,TRUE,NA,NA
"chr7R",788995463,"chr7R_788995463","A","G",-10.6899476074836,10.6899476074836,TRUE,4.81087838890261e-12,11.3177756212093,TRUE,NA,NA
"chr7R",803706343,"chr7R_803706343","T","C",-8.23570181175146,8.23570181175146,TRUE,7.28374594636532e-09,8.13764521060032,TRUE,NA,NA
"chr7R",845218352,"chr7R_845218352","G","T",-16.7988864302061,16.7988864302061,TRUE,1.91153555253343e-77,76.7186176201532,TRUE,NA,NA
"chr7R",853552040,"chr7R_853552040","G","A",-12.4008010168775,12.4008010168775,TRUE,1.92288477136044e-95,94.7160467400266,TRUE,NA,NA
"chr7R",854823570,"chr7R_854823570","C","A",-23.7639844631973,23.7639844631973,TRUE,2.783187144329e-37,36.5554575902823,TRUE,NA,NA
"chr7R",887015466,"chr7R_887015466","G","C",-8.62453792511857,8.62453792511857,TRUE,7.24423091240556e-08,7.14000771484815,TRUE,NA,NA
"chrUn",13045,"chrUn_13045","T","C",-15.0250536856506,15.0250536856506,TRUE,6.30667504644937e-131,130.200199545599,TRUE,NA,NA
"chrUn",6928938,"chrUn_6928938","G","C",-28.241733705172,28.241733705172,TRUE,9.26338978566569e-64,63.0332300612857,TRUE,NA,NA
"chrUn",7753668,"chrUn_7753668","T","C",-6.6092652464613,6.6092652464613,TRUE,5.75566933634708e-38,37.2399041642707,TRUE,NA,NA
"chrUn",19235797,"chrUn_19235797","G","C",-6.86385615232854,6.86385615232854,TRUE,5.80052698143346e-54,53.2365325487246,TRUE,NA,NA
"chrUn",68761058,"chrUn_68761058","G","C",-6.9465425780286,6.9465425780286,TRUE,3.27534469259063e-11,10.484742988737,TRUE,NA,NA
"chrUn",75602525,"chrUn_75602525","T","C",-6.94729511065635,6.94729511065635,TRUE,6.04061962447059e-08,7.21891851076855,TRUE,NA,NA
"chrUn",330371826,"chrUn_330371826","A","G",-8.03163033713263,8.03163033713263,TRUE,5.17507904604966e-09,8.28608301224766,TRUE,NA,NA
"chrUn",394059498,"chrUn_394059498","A","T",-11.0360190689469,11.0360190689469,TRUE,1.45808497095238e-21,20.8362171664567,TRUE,NA,NA
