"SNP","A1","A2","PC1","PC2","PC3","p_PC1","p_PC2","p_PC3","log10p_PC1","log10p_PC2","log10p_PC3"
"chr1R_80313641","A","C",-0.0155794428141684,-0.0338121475351118,0.00544835869522275,0,3.95669058599241e-192,0.000637996804331942,-465.205702674263,-191.402667910323,-3.19518149661501
"chr1R_311940740","T","G",-0.0157607561813533,-0.0339368129215414,0.00536907066627578,0,2.20284919614229e-262,9.50720438779312e-05,-680.305681175096,-261.657015233001,-4.02194716943951
"chr1R_496897941","A","C",-0.0161099397035812,-0.0345533150550084,0.00590141747731328,1.37001324238426e-144,0,7.50445939210769e-08,-143.863275234985,-2384.67419681953,-7.12468058809506
"chr1R_512746254","C","G",-0.0156061076674993,-0.0341465603515973,0.00544748168630717,2.3783088565699e-43,9.85144853124494e-99,1.6414582664753e-14,-42.6237317468603,-98.0064999072816,-13.7847701545855
"chr1R_705578675","A","C",-0.0157607953677578,-0.0346148446334314,0.0058111734271276,8.21946429602535e-56,2.89694322918623e-129,2.96079996015282e-19,-55.085156486701,-128.538060015494,-18.5285909337578
"chr2R_918058007","A","G",-0.0155327433133221,-0.0337475991527674,0.00556959279925318,5.30752048814535e-23,0,0.0236353705281084,-22.2751083206907,-410.927275946782,-1.62643758493917
"chr3R_649722318","A","G",-0.0156276662318716,-0.0341248297737416,0.00543350369410325,5.02102107292817e-92,0,2.90059589128653e-06,-91.2992079559136,-1934.3507126334,-5.53751277254487
"chr5R_867914486","T","C",-0.0160604362727812,-0.0343582310117247,0.00575695689604705,5.81012718516148e-63,0,0.000538589137301074,-62.235814360689,-985.752691143523,-3.26874241003661
"chr6R_649331085","C","A",-0.0163267617615389,-0.0341063761046801,0.00566931825126053,0,0,4.80010775808547e-06,-1718.97390289107,-373.976451848511,-5.31874901299595
"chr6R_686987332","C","T",-0.0166427949547909,-0.0349718933126921,0.00546344813331696,0,5.27798354044161e-162,0.00232477432760976,-592.417528210363,-161.277531968475,-2.63361919891623
"chr6R_694219941","A","C",-0.000153171144964305,-0.00481689258545812,0.00630315412487048,0.954125111056282,0.00227545038343317,0.234070735587357,-0.0203946740602324,-2.64293262991637,-0.630652880055538
"chr6R_694219941","G","A",-0.0160105296651723,-0.0335965949316059,0.00546145159445726,1.44871601677057e-125,1.42253619803217e-171,2.50331166420679e-21,-124.839016738364,-170.846936673681,-20.6014850770322
"chr6R_823608131","G","T",-0.0162398089939567,-0.0346484119402497,0.00584881753013802,2.0554581669045e-109,6.45277153740324e-180,1.93413884180776e-24,-108.687091357642,-179.190253710966,-23.713512353383
"chr7R_834437183","T","A",-0.015639734566804,-0.0341757447369326,0.00577310646004933,0,1.50471687462e-152,0.00118998391412619,-364.211300426042,-151.822545208613,-2.92445890924062
